customer_segment,avg_revenue,avg_orders,avg_lifetime,clv_estimate
Active,2882.9417621776506,3.525787965616046,373.0458452722063,2882.9417621776506
Loyal,7505.486652670112,8.965654608096468,550.9958010335918,7505.486652670112
New,770.3325,1.0,0.0,770.3325
