Percentile,Value (R$)
Min,10.12
25th,201.70749999999998
Median,440.515
Mean,836.5696052293985
75th,1185.05
90th,2257.735
95th,2717.2749999999996
Max,7956.59
